Type,Category,Collection,Tags
Body Wash,Bath & Shower,Bath & Body,"vsk_disable, via_disabled, All Samples, Body Wash, Bath & Shower, Bath & Body"
Body Scrubs & Exfoliants,Bath & Shower,Bath & Body,"vsk_disable, via_disabled, All Samples, Body Scrubs & Exfoliants, Bath & Shower, Bath & Body"
Bath Soak,Bath & Shower,Bath & Body,"vsk_disable, via_disabled, All Samples, Bath Soak, Bath & Shower, Bath & Body"
Hand Sanitizers & Hand Soaps,Bath & Shower,Bath & Body,"vsk_disable, via_disabled, All Samples, Hand Sanitizers & Hand Soaps, Bath & Shower, Bath & Body"
Body Lotions & Body Oils,Body Moisturizers,Bath & Body,"vsk_disable, via_disabled, All Samples, Body Lotions & Body Oils, Body Moisturizers, Bath & Body"
Hand Cream & Foot Cream,Body Moisturizers,Bath & Body,"vsk_disable, via_disabled, All Samples, Hand Cream & Foot Cream, Body Moisturizers, Bath & Body"
Face Sunscreen,Sunscreen,Bath & Body,"vsk_disable, via_disabled, All Samples, Face Sunscreen, Sunscreen, Bath & Body"
Body Sunscreen,Sunscreen,Bath & Body,"vsk_disable, via_disabled, All Samples, Body Sunscreen, Sunscreen, Bath & Body"
Body Tanner,Self Tanners,Bath & Body,"vsk_disable, via_disabled, All Samples, Body Tanner, Self Tanners, Bath & Body"
Face Tanner,Self Tanners,Bath & Body,"vsk_disable, via_disabled, All Samples, Face Tanner, Self Tanners, Bath & Body"
Shampoo,Shampoo & Conditioner,Hair Care,"vsk_disable, via_disabled, All Samples, Shampoo, Shampoo & Conditioner, Hair Care"
Conditioner,Shampoo & Conditioner,Hair Care,"vsk_disable, via_disabled, All Samples, Conditioner, Shampoo & Conditioner, Hair Care"
Hair Mask,Hair Treatments,Hair Care,"vsk_disable, via_disabled, All Samples, Hair Mask, Hair Treatments, Hair Care"
Leave-in Conditioner,Hair Treatments,Hair Care,"vsk_disable, via_disabled, All Samples, Leave-in Conditioner, Hair Treatments, Hair Care"
Hair Oil,Hair Treatments,Hair Care,"vsk_disable, via_disabled, All Samples, Hair Oil, Hair Treatments, Hair Care"
Hair Serum,Hair Treatments,Hair Care,"vsk_disable, via_disabled, All Samples, Hair Serum, Hair Treatments, Hair Care"
Scalp Care,Hair Treatments,Hair Care,"vsk_disable, via_disabled, All Samples, Scalp Care, Hair Treatments, Hair Care"
Dry Shampoo,Hair Treatments,Hair Care,"vsk_disable, via_disabled, All Samples, Dry Shampoo, Hair Treatments, Hair Care"
Hair Primers & Heat Protectants,Hair Treatments,Hair Care,"vsk_disable, via_disabled, All Samples, Hair Primers & Heat Protectants, Hair Treatments, Hair Care"
Hair Spray,Styling,Hair Care,"vsk_disable, via_disabled, All Samples, Hair Spray, Styling, Hair Care"
Styling Creams,Styling,Hair Care,"vsk_disable, via_disabled, All Samples, Styling Creams, Styling, Hair Care"
Face Moisturizer,Moisturizers,Skincare,"vsk_disable, via_disabled, All Samples, Face Moisturizer, Moisturizers, Skincare"
Night Cream,Moisturizers,Skincare,"vsk_disable, via_disabled, All Samples, Night Cream, Moisturizers, Skincare"
Face Oil,Moisturizers,Skincare,"vsk_disable, via_disabled, All Samples, Face Oil, Moisturizers, Skincare"
Mists & Essences,Moisturizers,Skincare,"vsk_disable, via_disabled, All Samples, Mists & Essences, Moisturizers, Skincare"
BB & CC Creams,Moisturizers,Skincare,"vsk_disable, via_disabled, All Samples, BB & CC Creams, Moisturizers, Skincare"
Facial Cleanser,Cleansers,Skincare,"vsk_disable, via_disabled, All Samples, Facial Cleanser, Cleansers, Skincare"
Exfoliator,Cleansers,Skincare,"vsk_disable, via_disabled, All Samples, Exfoliator, Cleansers, Skincare"
Makeup Remover,Cleansers,Skincare,"vsk_disable, via_disabled, All Samples, Makeup Remover, Cleansers, Skincare"
Face Wipes,Cleansers,Skincare,"vsk_disable, via_disabled, All Samples, Face Wipes, Cleansers, Skincare"
Toner,Cleansers,Skincare,"vsk_disable, via_disabled, All Samples, Toner, Cleansers, Skincare"
Face Serum,Treatments,Skincare,"vsk_disable, via_disabled, All Samples, Face Serum, Treatments, Skincare"
Blemish & Acne Treatment,Treatments,Skincare,"vsk_disable, via_disabled, All Samples, Blemish & Acne Treatment, Treatments, Skincare"
Facial Peels,Treatments,Skincare,"vsk_disable, via_disabled, All Samples, Facial Peels, Treatments, Skincare"
Face Mask,Masks,Skincare,"vsk_disable, via_disabled, All Samples, Face Mask, Masks, Skincare"
Eye Mask,Masks,Skincare,"vsk_disable, via_disabled, All Samples, Eye Mask, Masks, Skincare"
Sheet Masks,Masks,Skincare,"vsk_disable, via_disabled, All Samples, Sheet Masks, Masks, Skincare"
Eye Cream,Eye Care,Skincare,"vsk_disable, via_disabled, All Samples, Eye Cream, Eye Care, Skincare"
Sheet Masks,Eye Care,Skincare,"vsk_disable, via_disabled, All Samples, Sheet Masks, Eye Care, Skincare"
Eye Mask,Eye Care,Skincare,"vsk_disable, via_disabled, All Samples, Eye Mask, Eye Care, Skincare"
Face Sunscreen,Sunscreen,Skincare,"vsk_disable, via_disabled, All Samples, Face Sunscreen, Sunscreen, Skincare"
Body Sunscreen,Sunscreen,Skincare,"vsk_disable, via_disabled, All Samples, Body Sunscreen, Sunscreen, Skincare"
Lip Balm,Lip Balms & Treatments,Skincare,"vsk_disable, via_disabled, All Samples, Lip Balm, Lip Balms & Treatments, Skincare"
Lip Exfoliator,Lip Balms & Treatments,Skincare,"vsk_disable, via_disabled, All Samples, Lip Exfoliator, Lip Balms & Treatments, Skincare"
Lip Mask,Lip Balms & Treatments,Skincare,"vsk_disable, via_disabled, All Samples, Lip Mask, Lip Balms & Treatments, Skincare"
Foundation,Face,Makeup,"vsk_disable, via_disabled, All Samples, Foundation, Face, Makeup"
BB & CC Creams,Face,Makeup,"vsk_disable, via_disabled, All Samples, BB & CC Creams, Face, Makeup"
Tinted Moisturizer,Face,Makeup,"vsk_disable, via_disabled, All Samples, Tinted Moisturizer, Face, Makeup"
Concealer,Face,Makeup,"vsk_disable, via_disabled, All Samples, Concealer, Face, Makeup"
Face Primer,Face,Makeup,"vsk_disable, via_disabled, All Samples, Face Primer, Face, Makeup"
Setting Spray & Powder,Face,Makeup,"vsk_disable, via_disabled, All Samples, Setting Spray & Powder, Face, Makeup"
Highlighter,Face,Makeup,"vsk_disable, via_disabled, All Samples, Highlighter, Face, Makeup"
Contour,Face,Makeup,"vsk_disable, via_disabled, All Samples, Contour, Face, Makeup"
Color Correct,Face,Makeup,"vsk_disable, via_disabled, All Samples, Color Correct, Face, Makeup"
Face Sets,Face,Makeup,"vsk_disable, via_disabled, All Samples, Face Sets, Face, Makeup"
Eye Palettes,Eye,Makeup,"vsk_disable, via_disabled, All Samples, Eye Palettes, Eye, Makeup"
Mascara,Eye,Makeup,"vsk_disable, via_disabled, All Samples, Mascara, Eye, Makeup"
Eyeliner,Eye,Makeup,"vsk_disable, via_disabled, All Samples, Eyeliner, Eye, Makeup"
Eyebrows,Eye,Makeup,"vsk_disable, via_disabled, All Samples, Eyebrows, Eye, Makeup"
Eyeshadow,Eye,Makeup,"vsk_disable, via_disabled, All Samples, Eyeshadow, Eye, Makeup"
Eyelash Serums,Eye,Makeup,"vsk_disable, via_disabled, All Samples, Eyelash Serums, Eye, Makeup"
Eyebrow Serums,Eye,Makeup,"vsk_disable, via_disabled, All Samples, Eyebrow Serums, Eye, Makeup"
Eye Primer & base,Eye,Makeup,"vsk_disable, via_disabled, All Samples, Eye Primer & base, Eye, Makeup"
Lip Gloss,Lip,Makeup,"vsk_disable, via_disabled, All Samples, Lip Gloss, Lip, Makeup"
Lipstick,Lip,Makeup,"vsk_disable, via_disabled, All Samples, Lipstick, Lip, Makeup"
Lip Oil,Lip,Makeup,"vsk_disable, via_disabled, All Samples, Lip Oil, Lip, Makeup"
Lip Plumper,Lip,Makeup,"vsk_disable, via_disabled, All Samples, Lip Plumper, Lip, Makeup"
Lip,Lip,Makeup,"vsk_disable, via_disabled, All Samples, Lip, Lip, Makeup"
Liquid Lipstick,Lip,Makeup,"vsk_disable, via_disabled, All Samples, Liquid Lipstick, Lip, Makeup"
Lip Liner,Lip,Makeup,"vsk_disable, via_disabled, All Samples, Lip Liner, Lip, Makeup"
Lip Stain,Lip,Makeup,"vsk_disable, via_disabled, All Samples, Lip Stain, Lip, Makeup"
Lip Sets,Lip,Makeup,"vsk_disable, via_disabled, All Samples, Lip Sets, Lip, Makeup"
Blush,Cheek,Makeup,"vsk_disable, via_disabled, All Samples, Blush, Cheek, Makeup"
Candle,Candles,Fragrance, "vsk_disable, via_disabled, All Samples, Candle, Candles, Fragrance"
Bronzer,Cheek,Makeup,"vsk_disable, via_disabled, All Samples, Bronzer, Cheek, Makeup"
Highlighter,Cheek,Makeup,"vsk_disable, via_disabled, All Samples, Highlighter, Cheek, Makeup"
Contour,Cheek,Makeup,"vsk_disable, via_disabled, All Samples, Contour, Cheek, Makeup"
Cheek Palettes,Cheek,Makeup,"vsk_disable, via_disabled, All Samples, Cheek Palettes, Cheek, Makeup"
Perfume,Perfumes & Colognes,Fragrance,"vsk_disable, via_disabled, All Samples, Perfume, Perfumes & Colognes, Fragrance"
Perfume Oil,Perfumes & Colognes,Fragrance,"vsk_disable, via_disabled, All Samples, Perfume Oil, Perfumes & Colognes, Fragrance"
Body & Hair Mist,Perfumes & Colognes,Fragrance,"vsk_disable, via_disabled, All Samples, Body & Hair Mist, Perfumes & Colognes, Fragrance"
Cologne,Perfumes & Colognes,Fragrance,"vsk_disable, via_disabled, All Samples, Cologne, Perfumes & Colognes, Fragrance"
Nail Polish, Nail, Makeup, "vsk_disable, via_disabled, All Samples, Nail Polish, Nail, Makeup"
